Video,Video title,Video pub­lish time,Av­er­age per­cent­age viewed (%),Views,Watch time (hours),Sub­scribers,Your es­tim­ated rev­en­ue (CZK),Im­pres­sions,Im­pres­sions click-through rate (%)
Total,,,24.7,1194,156.318,-7,0.009,28431,2.31
UKRsgTDEyFI,Nová osada - Frostpunk - #1,"Nov 1, 2020",29.55,96,10.7092,0,0,1349,4.67
pqzNEIy_nFY,Vlastní středověký obchůdek - SHOP TITANS - #1,"Nov 12, 2020",29.06,91,11.9127,1,0,1261,4.36
twHy9Ft2wMo,Robot! - Frostpunk - #2,"Nov 4, 2020",30.29,73,9.9121,0,0,1490,3.42
gV9bIJY75-E,Koukám do chatu za jízdy... co se může pokazit? ETS Stream!,"Nov 18, 2020",14.4,69,10.0213,-1,0,2412,1.78
qFjz1r9_ZRs,Sestřih z Teardown streamu!,"Nov 7, 2020",25.07,68,6.1315,0,0,1317,2.73
dRwploxQxQs,Počátek diktatury! - Frostpunk - #5,"Nov 16, 2020",35,66,11.8568,-1,0,1029,2.72
eMppkdQPnks,Nové recepty! - SHOP TITANS - #2,"Nov 19, 2020",24.45,48,5.2457,0,0,1002,3.49
tdmPRnVN89o,Londýňané! Zrádci! - Frostpunk - #4,"Nov 11, 2020",45.04,48,9.4404,0,0,1169,1.88
OP323k7Od3I,Technická revoluce! - Frostpunk - #3,"Nov 8, 2020",44.33,46,9.8169,0,0,1293,2.17
rAeOoADcnUw,Space Engineers #1 - Začínáme,"Dec 26, 2014",21.58,46,5.1204,2,0.009,541,4.62
yFu5ZK45C9Q,Vítej na mém kanále!,"Jan 1, 1970",82.43,22,0.1965,0,0,0,
2yS1KuJBjTw,Space Engineers #2 - Krádež lodě,"Dec 28, 2014",32.95,15,2.7145,0,0,329,1.82
r6GjK7Lc2rA,Mount & Blade: Warband #1 - Tvorba postavy a začátek,"Feb 7, 2014",23.76,14,1.7452,0,0,51,19.61
4hzstkJ82zY,Papercraft - Gogo (#3),"Feb 13, 2013",13.13,12,0.0914,-1,0,372,2.69
8PP6jvTs2UU,Space Engineers #58 - Nová loď,"Mar 31, 2016",7.81,11,0.5757,0,0,107,7.48
XTatUjB2PV8,Spore - Král oceánů - #2,"Jun 14, 2020",31.47,11,1.3461,1,0,103,6.8
ROyBKwHgxH0,Spore - Vesmírná dobrodružství! - #14,"Aug 16, 2020",21.53,10,1.054,0,0,164,2.44
kEYpHHEETMk,Jak začít v bannerlordu? #1,"May 9, 2020",12,10,0.6926,0,0,66,4.55
O16G2IBKtgs,Space Engineers #3 - začínáme s těžící lodí,"Dec 30, 2014",27.73,9,1.3907,0,0,156,2.56
f32Hwv3s7DA,Space Engineers #4 - Těžící lodička,"Jan 4, 2015",26.86,9,1.2108,0,0,96,3.13
m25AQ9f-eCU,Spore - Střed galaxie! - #17,"Aug 30, 2020",19.07,9,0.6641,0,0,228,2.19
tABnYCGuhmA,Spore - Neolitická revoluce - #6,"Jul 1, 2020",27.3,9,0.9836,0,0,134,2.24
AckwXQM2WOc,Silk + Oskar Stålberg,"Jan 22, 2016",8.39,8,0.4599,0,0,76,6.58
GbWCyCY7Prs,Spore - Král pravěku - #8,"Jul 9, 2020",46.1,8,1.1831,0,0,127,0.79
RW49QW0kuUQ,Spore - Budování obchodního impéria - #11,"Jul 26, 2020",54.26,8,1.4808,0,0,118,1.69
W0IcgNNImB4,Spore - Počátek života - #1,"Jun 10, 2020",58.77,8,1.2564,0,0,96,5.21
rz-GbMB0qD4,Space Engineers #38 - Planety! [Pokažený zvuk- info v popisku],"Nov 14, 2015",8.36,8,0.3924,0,0,80,6.25
hXooiMIgNjY,Spore - Super dlouhý speciál! - #15,"Aug 23, 2020",17.1,7,1.2746,0,0,174,1.15
YkS5lciIvbk,Kingdom Come: Deliverance #2 - Bojový systém,"Mar 12, 2016",4.8,6,0.2022,0,0,40,2.5
br4f5ZqTajs,Spore - Jsme meziplanetární druh! - #12,"Aug 2, 2020",56.04,6,1.5747,0,0,156,0.64
d1qaWUbL5dA,Live Stream - Factorio!,"Sep 2, 2020",19.55,6,1.1861,0,0,206,0.97
i8PtIq0YAM4,Space Engineers #12 - Nehmotná svářečka!,"Apr 1, 2015",29.39,6,1.3045,0,0,55,3.64
nhUYpqiNbWw,Valiant Hearts #1 - Začátek války,"Oct 2, 2015",31.42,6,0.9035,0,0,21,4.76
rHoQrS1qT0g,Space Engineers #5 - Český dabing stojí za nic,"Jan 13, 2015",17.32,6,0.4347,0,0,78,2.56
4duHOgGvcF8,Spore - Souboj titánů - #5,"Jun 28, 2020",56.37,5,1.0171,0,0,101,1.98
4um3fuGBSa8,Spore - Kmenové války - #7,"Jul 5, 2020",59.27,5,1.3698,0,0,127,1.57
BXb2ifr8BNY,Space Engineers #11 - Za tohle se budu nesnášet,"Mar 23, 2015",41.18,5,1.1416,0,0,48,2.08
G9Pxbz0AuAE,Spore stream #4,"Feb 8, 2016",1.29,5,0.3013,0,0,21,19.05
HXD-E-oJXuk,Návody #11 - Obsidian generator,"Mar 28, 2013",37.31,5,0.0819,0,0,35,14.29
HbS0Jo35Rg0,Live Stream - Euro Truck Simulator 2!,"Sep 9, 2020",10.98,5,0.528,0,0,232,0.86
Qrzd4vsYDG4,Space Engineers #13 - Solární panely a nefungující anténa,"Apr 14, 2015",15.2,5,0.4979,0,0,65,3.08
XW_ZJhATFi0,Space Engineers #6 - Drtič,"Feb 1, 2015",33.46,5,1.1038,0,0,87,1.15
ZZB2FMn_0Fs,Spore - Les kostí - #4,"Jun 24, 2020",43.57,5,0.9398,0,0,122,1.64
dZdrJjEOH_U,Space Engineers #14 - Nekonečný svět + průzkumník,"May 20, 2015",11.26,5,0.3347,0,0,52,3.85
eElv4yyURf0,Valiant Hearts #6 - Emil před vojenským soudem,"Oct 16, 2015",15.54,5,0.418,0,0,27,7.41
kHfM5p3NQSA,Space Engineers #8 - Rafinovanost sama,"Feb 26, 2015",32.35,5,0.6799,0,0,46,4.35
r_ziH2ssHvY,Spore - Obchod s kořením právě začíná! - #13,"Aug 9, 2020",59.55,5,1.3431,0,0,157,0
rhDev9k4gBM,This war of mine #1 - První noc,"Jul 7, 2016",28.12,5,0.9166,0,0,38,7.89
w6vVD2ut2No,Dovolená ve Švédsku,"Oct 3, 2016",38.13,5,0.4713,0,0,146,2.05
zpq_WTHG_X4,Space Engineers #7 - Velké plány,"Feb 13, 2015",23.75,5,0.7025,0,0,56,0
5-EZdVXPmqY,Spore stream #5,"Feb 15, 2016",0.91,4,0.0731,0,0,17,11.76
LNSYkpTwTec,Spore - Počátek civilizace - #9,"Jul 12, 2020",55.09,4,0.7247,0,0,114,0.88
RbrNnLaQwSs,Space Engineers #9 - Stavíme montéry,"Mar 4, 2015",26.87,4,0.6797,0,0,55,1.82
m3q9VXyyTdc,MY Let's Play #1 - Začátek,"Sep 30, 2012",1.14,4,0.0146,0,0,15,20
ukNaLVAB2NU,Spore - Je to v suchu! Jakože na souši. - #3,"Jun 18, 2020",61.78,4,1.0387,0,0,105,2.86
xTQK8GMO4yM,Spore - Architektonická přehlídka - #10,"Jul 19, 2020",60.7,4,0.6792,0,0,116,0
zLPRQz-EFVA,Spore stream #6,"Feb 25, 2016",0.24,4,0.0153,0,0,17,11.76
2WPuPfSSVRc,Valiant Hearts #5 - Pomoc na frontě,"Oct 10, 2015",57.57,3,0.9294,0,0,29,6.9
6s8HsAQQ_GQ,Space Engineers #32 - Lodě na baterky,"Sep 9, 2015",3.41,3,0.0722,0,0,71,4.23
CTHdJPUAIIs,GoGo mi to natřel - Papírová challenge,"Nov 4, 2013",60.34,3,0.0226,0,0,11,18.18
DN2X1KLikmk,Valiant Hearts #3 - Hon za baronem,"Oct 6, 2015",62.66,3,1.0115,0,0,23,8.7
ImKlkYYmOwA,Space Engineers #10 - Velké řezání + save,"Mar 12, 2015",36.6,3,0.5975,0,0,53,0
Q2CbyxTJRwk,Spore - Destrukce! - #16,"Aug 27, 2020",36.6,3,0.6592,0,0,178,1.12
Q6JBVjdhk6o,Spore stream #3,"Feb 7, 2016",3.77,3,0.6696,0,0,19,15.79
R0uhbUFbdYU,Drony na Divoké Šárce,"Apr 27, 2018",8.2,3,0.0154,0,0,162,1.23
RIIELUDWxyQ,Spore #1 - Menší než kdo dřív!,"Jul 17, 2013",31.36,3,0.4489,0,0,11,0
XnCcP8p-xBM,Crafákův Subserver #3 - Poznáváme sousedy,"Jul 11, 2017",14.56,3,0.2435,0,0,41,7.32
YAuIBEFwZFU,Naproti Vaňkovce - Brno,"May 7, 2018",17.81,3,0.0316,0,0,98,2.04
fj0YfrUqHbs,Space Engineers #30 - Stavba bojové lodi... Vlastně dvou,"Sep 5, 2015",1.12,3,0.0223,0,0,90,1.11
gQCKPRflXtE,Space Engineers #15 - Plujeme vesmírem,"May 31, 2015",1.57,3,0.031,0,0,61,3.28
jUe2tchs3OY,Space Engineers #19 - Velké stěhování,"Jun 21, 2015",21.18,3,0.4325,0,0,34,5.88
17oQ9v74MJA,Valiant Hearts #2 - Střetnutí,"Oct 4, 2015",96.45,2,1.1338,0,0,32,6.25
4OTDcDgg-7s,Space Engineers #34 - První reálný souboj,"Oct 11, 2015",27.06,2,0.3108,0,0,32,6.25
7H1bdgfSDwU,Space Engineers #18 - Výprava za zlatem,"Jun 20, 2015",50.4,2,0.6863,0,0,34,0
ET7y9x7z0EA,Space Engineers #39 - Přistávací modul,"Nov 15, 2015",6.16,2,0.0954,0,0,43,2.33
HYyCIYmGhko,Raft #1 - Ztraceni na moři,"Jan 7, 2017",0.07,2,0.0007,0,0,65,1.54
HhvhIEniCzo,Papercraft - minecrafák (#1),"Feb 12, 2013",12.01,2,0.015,0,0,41,2.44
Hy0iN1KR9XY,Valiant Hearts #7 - Neštěstí v pevnosti,"Oct 19, 2015",46.27,2,0.5164,0,0,27,3.7
IYhYPKkXNeY,Space Engineers - Tutorial - Těžba,"Mar 16, 2015",46.84,2,0.1272,0,0,31,3.23
Ih5Y0y3PM2E,Spore #14 - Válka začíná,"Oct 7, 2013",8.08,2,0.1342,0,0,16,12.5
KhjCp_Px0zg,Sky Block - tekkit #1 (začínáme),"Dec 19, 2012",2.86,2,0.0352,0,0,210,0.48
LDrbATNJ-h8,Valiant Hearts #4 - Vojenské taxíky,"Oct 7, 2015",87.04,2,0.9367,0,0,26,3.85
LUIaT1TC6-I,Záchranná mise Všetaty - Zničený dron,"May 10, 2018",12.45,2,0.0401,,0,97,0
LtIshJeJQvg,Space Engineers #37 - Velké opravy,"Nov 11, 2015",4.82,2,0.0616,0,0,50,0
MfJMTpxgzLA,Park Klíčov - Preciznost mezi stromy,"May 12, 2018",36.57,2,0.0475,0,0,64,0
MkbPQoH_OVY,Space Engineers #17 - dohánění restů,"Jun 11, 2015",50.67,2,0.6899,0,0,41,2.44
PdgBByCapmU,Mount & Blade: Warband #3 - Návštěva zimních krajin,"Feb 14, 2014",3.25,2,0.0387,0,0,11,18.18
Q1DqSA6uyhA,Spore #19 - Kolonizace dalších světů,"Nov 13, 2013",12.59,2,0.1811,0,0,15,13.33
WAX7jNQdzAc,Papercraft - House (#19),"Jun 28, 2013",3.84,2,0.0046,0,0,33,3.03
WhlJzPWbTY4,Naproti Vaňkovce - Brno #2,"May 9, 2018",43.14,2,0.0494,0,0,99,0
WkB4uTJoWOY,Vítejte na mém kanále!,"Mar 9, 2014",47.67,2,0.0117,0,0,18,5.56
Xgta7gdWS6Y,Jak zbohatnout bojem v bannerlordu?,"May 27, 2020",48.18,2,0.3785,0,0,79,2.53
Y2EA4ZxnQgg,Alerak #7 - Dobrodružná výprava do vesnice,"Oct 16, 2014",0.16,2,0.0021,0,0,15,6.67
Y72-rxs3Dtw,This war of mine #2 - Zřícená škola,"Jul 12, 2016",49.99,2,0.5113,0,0,34,5.88
YTs0qeREXd8,Konec! je nový začátek!,"Mar 1, 2020",44.48,2,0.0331,0,0,54,3.7
YZ2RkUgwvJY,Mount & Blade: Warband #32 - Verbování a výcvik vojáků,"Jun 23, 2014",3.39,2,0.0355,0,0,20,10
bolzzrAWmyc,Space Engineers #16 - Stěhování rafinérií,"Jun 3, 2015",1.12,2,0.0147,0,0,46,0
bsrBQdcgpMI,Hektrack #2 - Mutantní zombííík!,"Oct 1, 2013",0.12,2,0.001,0,0,4,0
d4-_6UcqmJo,Spore stream #7,"Mar 4, 2016",0.66,2,0.0251,0,0,19,5.26
gjSXKBEu2_g,Space Engineers #40 - Nové začátky + save,"Nov 17, 2015",24.09,2,0.2667,0,0,48,2.08
hHGjepwe_M8,Crafákův Subserver #1 - Země zaslíbená,"Jul 7, 2017",39.34,2,0.354,0,0,64,3.13
jgsLbwgP8gs,Kování v bannerlordu!,"May 31, 2020",26.49,2,0.1301,0,0,79,2.53
qErdv11aY9w,Papercraft - Dust Elite (#8),"Feb 17, 2013",18.01,2,0.0176,0,0,27,7.41
tqMJuw0MjfQ,"YouTube money, reklama a všecko.","Feb 7, 2016",0.88,2,0.0017,0,0,17,5.88
vc7AZWJ57yI,Teslův konec! - Frostpunk - #6,"Nov 23, 2020",50.88,2,0.4856,0,0,10,10
xoBW87Zuuj4,Pohled na hru Mudwars - První na serveru!,"Jan 31, 2017",47.09,2,0.4557,0,0,38,5.26
y1DuAunL2fw,Černošice - Výlet do přírody,"Jun 29, 2018",5.21,2,0.033,0,0,85,1.18
 -fENWOv4IZg,MY - Pat & Mat,"Oct 14, 2012",2.44,1,0.0005,0,0,30,3.33
0US1AcnPZxY,This war of mine #7 - Pila a sekera.. Hotový dřevorubec,"Sep 13, 2016",99.35,1,0.4589,0,0,39,2.56
2LjfvlbyYSM,"Space Engineers #28 - Můstek hotov, baterek kopec","Aug 13, 2015",13.87,1,0.1019,0,0,34,0
31fxY1sHY3s,Hektor rapový král,"Oct 26, 2015",58.21,1,0.0236,0,0,15,0
4BKIWpabs1o,Space Engineers #26 - Funkční přetlaková místnost,"Aug 5, 2015",13.36,1,0.0785,0,0,29,0
4C1mDRHQr2M,Mageros #5 - Jde se kopat :),"Jan 20, 2014",0.04,1,0.0002,0,0,6,16.67
7hz3wfE6uMY,Sky Block - tekkit #31 (máme to + save),"Feb 20, 2013",3.85,1,0.0184,0,0,145,0
8yMmLnRxw10,LEGO Hobbit s Helčou #2 - Hobití nora,"Feb 21, 2016",0,1,0,0,0,22,4.55
AVuFNlNLQOQ,První pohled na hru ChromaGun,"Aug 11, 2016",0.72,1,0.0037,,0,25,4
BVZSepxHeVc,Crafákův Subserver #6 - Pěkná kravina,"Sep 8, 2017",0.26,1,0.0016,0,0,44,2.27
Bd8fS8gwfwo,Space Engineers #25 - Dýcháme z plných plic,"Jul 28, 2015",50.24,1,0.255,0,0,33,3.03
CZE0wBm-abQ,NovaDrift#1,"Jan 1, 1970",3.37,1,0.0172,,0,1,100
ClKdR0vpPDk,Sky Block - tekkit #16 (rychlý příjem EMC),"Jan 11, 2013",0,1,0,0,0,16,6.25
DHC_9DTumMI,Kácení stromu,"Jan 1, 1970",108.38,1,0.04,0,0,0,
DZGN71Vsj4E,Space Engineers #35 - Raiding outpost,"Oct 14, 2015",9.65,1,0.0714,0,0,33,0
EH-qDcCd7s4,MY Craft Race #1 (zabydlení),"Jan 16, 2013",93.57,1,0.4156,0,0,10,10
Elv_HYxYnoc,Mount & Blade: Warband #36 - Šlapeme po hlavách protivníků!,"Aug 1, 2014",84.37,1,0.5409,0,0,13,7.69
FZOx6ubilTk,Space Engineers #57 - Anténa funguje!,"Mar 24, 2016",16.73,1,0.0977,0,0,31,0
FwJD5AMAo30,This war of mine #11 - Další ztráty,"Oct 24, 2016",99.22,1,0.4523,0,0,34,0
G0jgZXYRUFw,"Spore #13 - Yenkij, velký dobrodruh","Oct 4, 2013",50.33,1,0.4716,0,0,29,0
HKMEJOeA6D0,Mount & Blade: Warband #40 - Tak tohle je konec,"Sep 3, 2014",4.48,1,0.0119,0,0,7,0
HUqk-oWQEKA,Spore #28 - Konec invaze a všeho ostatního,"Feb 5, 2014",12.79,1,0.052,0,0,16,0
HhuTHvygKDA,ASK Yenkij #2,"Feb 21, 2016",0.62,1,0.0004,0,0,14,7.14
Hl5Jw-JbNyA,Space Engineers #21 - Hloupé montéry,"Jun 29, 2015",0.94,1,0.0064,0,0,30,0
Iug8j_5mktM,Crafákův Subserver #4 - Jak se staví sen,"Jul 18, 2017",2.8,1,0.0149,0,0,80,1.25
K2LgVn1cEo8,ASK Yenkij #1,"Feb 9, 2016",2.03,1,0.0027,0,0,13,0
K3_hEqSIrKs,Spore #21 - Dobýváme smíchov,"Nov 20, 2013",26.42,1,0.1888,0,0,8,12.5
K7fa8cy4ejo,První pohled na hru Totally Accurate Battle Simulator,"Nov 29, 2016",0.78,1,0.0046,0,0,26,3.85
KCEcgt7BGEo,Mount & Blade: Warband #2 - První turnaj,"Feb 8, 2014",90.35,1,0.4741,0,0,19,5.26
MPN8wkgvdtw,This war of mine #5 - Pusté město,"Jul 28, 2016",98.87,1,0.6072,0,0,28,3.57
MkToHaUEd9Y,This war of mine #9 - Zdravotní krize,"Oct 18, 2016",98.21,1,0.6556,0,0,29,3.45
O6SJYZHD9TM,Mount & Blade: Warband #37 - Jeden turnaj nestačí! :D,"Aug 2, 2014",96.04,1,0.6149,0,0,10,10
OV3jitty3kE,This war of mine #14 - Co dál?,"Oct 29, 2016",104.23,1,0.4433,0,0,34,0
OuMXlVtM-dg,Spore #20 - Zhoršujeme Tera skore?,"Nov 19, 2013",26.65,1,0.1757,,0,9,11.11
RIhT4CEkGJs,Mount & Blade: Warband #35 - Yenkij je srab,"Jul 27, 2014",88.61,1,0.4758,0,0,11,9.09
SIFWOMka0O4,Crafákův Subserver #2 - Málem jsem umřel?!,"Jul 8, 2017",1.59,1,0.0066,0,0,46,2.17
SWsRw-AQdng,Space Engineers #33 - Stanice Alpha + Jumpdrive,"Sep 22, 2015",0.39,1,0.0033,0,0,27,3.7
S_DMH3KjsJQ,Spore #2 - A jsme na zemi :),"Jul 19, 2013",58.45,1,0.1963,0,0,8,0
UacTIr3yWRI,Nejlepší jednotky na začátek bannerlordu?,"May 13, 2020",61.23,1,0.2941,0,0,72,1.39
Ux9AnYag4ac,Bioshock Infinite #9 - Hra na kočku a myš,"Sep 3, 2013",0.13,1,0.0009,0,0,50,2
V8Y8N-MhxR0,Sky Block - tekkit #2 (louka),"Dec 23, 2012",0.51,1,0.0036,0,0,28,3.57
VRjNnicOUE8,Jak založit karavanu a obchod v Bannerlordu?,"May 20, 2020",4.45,1,0.0178,0,0,67,1.49
VvHnQYR3kcg,Honor of Battlefield 3,"Nov 18, 2013",30.95,1,0.0245,0,0,4,25
W049GiRd5pQ,Hektrack Muninn #9 - Hektor - rapový král,"Oct 24, 2015",0.07,1,0.0005,0,0,14,7.14
W5g3Iyk3OwA,"Unboxing - Brýle, Vysílač, Tiny Whoop","May 14, 2018",26.65,1,0.0523,0,0,64,1.56
WUsMEg_Mh4k,První pohled na hru Besiege,"Aug 29, 2015",0.14,1,0.0009,0,0,16,6.25
WWXeOh39n1c,Druhý pohled na hru Super Hexagon,"Jan 8, 2014",28.75,1,0.0605,0,0,4,0
Waod-fncYxY,Sky Block - tekkit #23 (Ender Dragon!),"Jan 21, 2013",2.9,1,0.0203,0,0,71,1.41
Xi9gL1IEWRo,This war of mine #10 - Návštěva kostela,"Oct 20, 2016",98.59,1,0.5274,0,0,34,2.94
Z2a2ISEBflY,FTB s Hektorem #4 - Vykolejený yenkij,"May 27, 2013",3.95,1,0.0301,0,0,4,0
_NiBgGrn734,This war of mine #12 - blýská se na lepší časy,"Oct 27, 2016",101.98,1,0.4045,0,0,35,2.86
_f-P8IZVSSE,Obří emoticon na Mezitratí,"May 3, 2018",17.27,1,0.0094,0,0,101,0
_sCNd_MiV30,Space Engineers #63 - Čeká nás spousta práce,"Apr 26, 2016",5.44,1,0.0591,0,0,28,3.57
arl4k6NuH6Q,MY Let's Play #14 - Kde jsou ti endermani?,"Jan 3, 2013",2.23,1,0.0085,0,0,6,16.67
bfxu1XMLUi4,No Man's Sky #1 - Velký update,"Dec 1, 2016",0.16,1,0.0008,0,0,29,3.45
d49VqnUW-3c,FTB s Hektorem #12 - Vajra,"Jul 15, 2013",0.7,1,0.006,0,0,7,14.29
dTuetuqRO_E,This war of mine #4 - Přátelé v supermarketu?,"Jul 19, 2016",86.6,1,0.4729,0,0,32,3.13
dc4TB5fJ2Z0,Mageros #20 - Já kopu dál,"Mar 26, 2014",0.07,1,0.0005,0,0,31,3.23
eBFuSI-YXUI,Space Engineers #43 - Mining modul,"Dec 4, 2015",0.68,1,0.0044,0,0,31,0
eL5L5nbPudA,Space Engineers #27 - Náčrtek můstku,"Aug 9, 2015",3.18,1,0.0222,0,0,28,0
eg-JEQg7-KA,This war of mine #16 - Trčíme doma,"Nov 11, 2016",92.96,1,0.488,0,0,34,2.94
ejmTN8We8jY,This war of mine #17 - Tak to je konec,"Nov 14, 2016",94.78,1,0.2535,0,0,33,3.03
fWeNrvmxUvw,První pohled na hru battlefield 1 - conquest,"Sep 7, 2016",1.41,1,0.0074,0,0,27,3.7
gOLhEQwRAyI,This war of mine #15 - Makáme,"Oct 31, 2016",99.75,1,0.5991,0,0,33,3.03
hZLuN3oK2Do,Alerak #8 - Konec,"Oct 18, 2014",0,1,0,0,0,10,10
hchG1xSnvaU,Spore #3 - Na vrcholu potravinového řetězce,"Jul 21, 2013",4.18,1,0.0219,0,0,11,0
hqsdtZ-UMDg,Jak obchodovat v Bannerlordu?,"May 16, 2020",2.36,1,0.0119,0,0,64,1.56
jngDij0BkNE,This war of mine #6 - Starý hotel,"Sep 11, 2016",99.96,1,0.5792,0,0,33,3.03
kLlZktMcI4E,Space Engineers #36 - Záhadní assailanti,"Nov 7, 2015",14.51,1,0.0822,0,0,30,0
l9CA9lyonWs,Space Engineers #71 - Detailováníčko pokračuje,"Sep 10, 2016",0.57,1,0.0031,0,0,29,3.45
lljAlyUltdg,manageman,"Jan 1, 1970",17.54,1,0.0118,0,0,0,
mdvFhCcTeJQ,This war of mine #13 - Pomsta,"Oct 28, 2016",100.9,1,0.4835,0,0,35,2.86
mk9tjJbP_qE,Návody #2 - Enderman farma,"Dec 1, 2012",1.5,1,0.0022,0,0,21,4.76
mrZr6qcNqCA,Papercraft - Gejmr (#6),"Feb 15, 2013",4.1,1,0.0021,0,0,71,0
oUm_kjfQDWk,Veselé Vánoce 4K,"Jan 1, 1970",0.82,1,0.0014,0,0,0,
pDGiUP3J7S4,This war of mine #3 - Zřícená škola,"Jul 14, 2016",98.55,1,0.4905,0,0,29,3.45
pJZVkxjvUVI,Spore stream #1,"Feb 3, 2016",0.01,1,0.0003,0,0,17,5.88
pazDf-2yNdA,Crafákův Subserver #5 - Všechny cesty vedou do říma,"Aug 10, 2017",3.92,1,0.0177,0,0,163,0.61
qawcgBqwjQU,Alerak #5 - Láva je moje nemesis.,"Oct 14, 2014",4.86,1,0.027,0,0,9,0
qiHH7B9f3Dw,Spore #27 - Počátek invaze,"Jan 17, 2014",19.38,1,0.1362,0,0,21,4.76
reFPxahRF7E,Hlídání psa v Mělníku,"Mar 30, 2013",130.4,1,0.0167,0,0,0,
ri5RQnzmWz4,Park Klíčov - Freestyle s GGím,"Jun 21, 2018",17.77,1,0.0086,0,0,78,1.28
rtTlIlQsYY4,Space Engineers #64 - Zase zlobí montéry,"May 1, 2016",0.58,1,0.0048,0,0,24,4.17
tDMwFZImbkQ,Space Engineers #47 - Hurá do vesmíru!,"Feb 5, 2016",32,1,0.2138,0,0,34,2.94
t_ZEDbCaRb8,Mount & Blade: Warband #39 - Nemam sílu vymýšlet název,"Aug 29, 2014",3.72,1,0.0224,0,0,12,8.33
u5Cd06qtbN0,První pohled na hru Batman arkham origins,"Nov 3, 2013",1.4,1,0.0083,0,0,5,20
viEkqxK6RTo,Space Engineers #48 - Orbitální stanice,"Feb 7, 2016",6.46,1,0.0282,0,0,38,0
w5f2lu2zjjU,Timeline 1,"Jan 1, 1970",51.93,1,0.0069,0,0,0,
wJK5LpfkHZs,Návody #9 - Wither Boss,"Mar 17, 2013",62.66,1,0.0419,0,0,36,2.78
wUViExw_JF0,This war of mine #8 - Pavleho dobrodružství,"Sep 19, 2016",99.46,1,0.8385,0,0,29,3.45
x3Sx5WPL0BA,Jak vyhrát turnaj v bannerlordu?,"May 24, 2020",15.76,1,0.0586,0,0,70,1.43
xMnRKm7pZGQ,Mount & Blade: Warband #29 - Konečně mír! :D,"Jun 6, 2014",6.83,1,0.0367,0,0,6,16.67
xehNlkbz4Lo,Space Engineers #20 - Chytré montéry + nová svářečka + save,"Jun 24, 2015",25.93,1,0.1551,0,0,49,0
yZT4D0appYU,Epic shaders!,"May 31, 2014",30.18,1,0.0091,0,0,26,3.85
yn6R4blXLZ4,Spore #18 - Hrubeši,"Nov 9, 2013",4.12,1,0.0331,0,0,22,4.55
z6VsUMlHDHI,Můj názor na peŤana,"May 28, 2013",1.32,1,0.0021,0,0,20,5
zb7uZPwqrrg,Spore #15 - Válka v plném proudu,"Oct 16, 2013",0.32,1,0.0024,0,0,15,6.67
 -FC6GYzykuA,Viscera - Mopování s hektorem,"Aug 25, 2013",,,,,0,4,0
 -_fum-IrXag,S.T.A.L.K.E.R.: Clear Sky #1 - Vtipálek,"Nov 1, 2014",,,,,0,9,0
 -nvWZGvUzQY,Mageros #15 - Stavba obchodu,"Feb 22, 2014",,,,,0,5,0
 -xymahEJ-pg,Banished stream #3,"Sep 9, 2015",,,,,0,10,0
 -yEh4_Mx808,Hardcore #11 (Návštěva netheru),"Mar 28, 2013",,,,,0,4,0
0BhBdb7Gz8A,Space Engineers #55 - Začátky pořádné základny,"Mar 15, 2016",,,,,0,23,0
0K9YrMmG3zQ,Space Engineers #61 - Moře panelů,"Apr 13, 2016",,,,,0,25,0
0Lb0YGWgfWc,Hektrack Skyblock 5# - Všechno je nádherné :3,"Sep 22, 2014",,,,,0,6,0
0PKwIdxSJjw,Hektrack #4 - Zlaté stromy,"Oct 14, 2013",,,,,0,3,0
0jvw31aDvHc,Hardcore #1 (Zabydlení),"Feb 23, 2013",,,,,0,4,0
0kkxSSYTRV8,Rychlovka (#5) na hru Battlefield3,"Mar 24, 2014",,,,,0,4,0
0qI5M_bNaqQ,Mageros #19 - falling slowly,"Mar 17, 2014",,,,,0,6,0
0qyLdyiSzA8,Hektrack Skyblock 1# - Cobble Generator!,"Sep 15, 2014",,,,,0,6,0
1-RHLBJDHwk,Kingdom Come: Deliverance #5 - Tábořiště banditů,"Mar 26, 2016",,,,,0,16,0
1-ohP9uAJD8,Mageros #2 - Jde se budovat!,"Jan 14, 2014",,,,,0,4,0
1KmzFIw2OJQ,Lootbox - Minecraft - 2015,"Jul 4, 2015",,,,,0,13,0
1ONX8fOtuvo,Bioshock Infinite #11 - Paralelní vesmír?,"Sep 11, 2013",,,,,0,10,0
1c59rXObs-4,MY Let's Play #10 - Cesta do netheru,"Nov 28, 2012",,,,,0,6,0
1sI50DPh7qg,Banished stream #1,"Jul 25, 2015",,,,,0,10,0
22hBsjnRVio,Hektrack Muninn #11 - Máme 2 nové díry,"Nov 9, 2015",,,,,0,13,0
23_aAvGMLnk,Battlefield 3 - Just LP #2,"Sep 14, 2014",,,,,0,8,0
2Jt3nj83r3U,Battlefield 3 - Co-op #4 - Únik (w/ GGmaniack),"May 26, 2014",,,,,0,6,0
2NHYYk0t-9A,ARK Survival Evolved Stream #1,"Mar 6, 2016",,,,,0,16,0
2T8CpEiZmLc,Hektrack #26 - A jsme v háji,"Nov 23, 2013",,,,,0,2,0
2Z-H4hPGZgg,Applied Energistics2 #3 - Temná magie,"Nov 9, 2014",,,,,0,10,0
2rha3s1qHFw,No Man's Sky #2 - Vznik impéria?,"Dec 4, 2016",,,,,0,29,0
2s2Mn7SBwO4,FTB s Hektorem #16 - Vstupní brána,"Sep 5, 2013",,,,,0,3,0
331mQN3yrdA,Mageros #21 - Kravín,"Apr 3, 2014",,,,,0,4,0
3JK4Q00fFr8,Rychlovka (#6) na hru ion assault,"Mar 28, 2014",,,,,0,4,0
3QjGPTII00Q,Space Engineers #31 - Detailování + zpackaný lov,"Sep 8, 2015",,,,,0,25,0
3S2sNOwrv4k,Hektrack 34 - Bylo to super,"Jan 12, 2014",,,,,0,4,0
3heQslbdqaw,Mount & Blade: Warband #24 - Mobil!,"May 7, 2014",,,,,0,19,0
3l7fhDb-0RE,Sky Block - tekkit #13 (MOB trapka - C),"Jan 6, 2013",,,,,0,16,0
3uw5fCRgyaY,Hektrack Muninn #2 - Hledání ovcí,"Sep 18, 2015",,,,,0,12,0
5Lf5kwjScUU,Hektrack #11 - Farma na slípky,"Oct 24, 2013",,,,,0,6,0
5QU7KH7lwNM,Valiant Hearts #8 - Karl to odpískal?,"Oct 22, 2015",,,,,0,20,0
5Z_Ze0HPoVo,Nová série!,"Sep 16, 2015",,,,,0,11,0
5kakq4DeNNE,Hektrack #23 - Mutant creeper,"Nov 17, 2013",,,,,0,3,0
5pQ10xo5QqI,Hektrack #1 - Mečová ruda,"Sep 30, 2013",,,,,0,7,0
6Cle6evFItc,Hektrack #14 - Hektor mě týrá :(,"Nov 1, 2013",,,,,0,3,0
6GYntBlj2Sg,Černý Most - Pohodička na poli,"Jun 22, 2018",,,,,0,102,0
6PQWv38-mv8,Space Engineers #45 - Detailování,"Jan 5, 2016",,,,,0,25,0
6aSb0ec6pZ4,Mageros #13 - Dole v dole,"Feb 10, 2014",,,,,0,4,0
72ra9i3J14U,Bioshock Infinite #6 - Vyděšená Elis,"Aug 9, 2013",,,,,0,5,0
7Li57JhhSr4,FTB s Hektorem #1 - Usídlení,"May 14, 2013",,,,,0,5,0
7MhIDSmMqWs,Boxicated #5 - Hektor!,"May 5, 2013",,,,,0,6,0
7_ws6UH823M,Space Engineers #44 - Dolování a problémy s tím spojené,"Dec 27, 2015",,,,,0,26,0
7pxfXXwAeyQ,Sky Block - tekkit #9 (elektrické náčiní a jeho snadné dobíjený),"Dec 31, 2012",,,,,0,8,0
7yo1vbMFEUs,Rychlovka (#2) na hru Mount & Blade: Warband,"Feb 1, 2014",,,,,0,5,0
82U3YEi2Ac4,Hektrack #29 - Je to rebel!,"Nov 27, 2013",,,,,0,15,0
8SISv34t7So,Mount & Blade: Warband #30 - Budování mocné armády,"Jun 9, 2014",,,,,0,7,0
8ydfkxSmTmI,Boxicated #1,"Mar 2, 2013",,,,,0,6,0
9AWQ0qaSpfY,MY Craft Race #4 (už se blížíme ke konci),"Feb 12, 2013",,,,,0,7,0
9L5NQSyu_MM,Hektrack #19 - Elektřina,"Nov 6, 2013",,,,,0,16,0
9O7USoMCQZA,Storyline [2],"Aug 4, 2014",,,,,0,6,0
9afseHmSAZo,FTB s Hektorem #10 - Wither Boss,"Jul 11, 2013",,,,,0,3,0
9hMyQx8k1xI,Návod #6 - Vesničani,"Jan 31, 2013",,,,,0,5,0
9qXYY0VOwLk,FTB s Hektorem #3 - Fabricator a nějaký vozítka :D,"May 26, 2013",,,,,0,5,0
9sG5uCuPc58,Yenkij talk #1 - Konec?,"May 7, 2016",,,,,0,19,0
A34bf93uJiY,Spore #11 - Dobýváme svět!,"Sep 19, 2013",,,,,0,11,0
AA6Ke8mcHFs,Sky Block - tekkit #19 (nová strojovna),"Jan 13, 2013",,,,,0,20,0
ASVtO11eXFM,Raft #2 - Žraločí smrt,"Jan 8, 2017",,,,,0,40,0
AUwfQzdL0no,Sky Block - tekkit #7 (elektrická energie),"Dec 30, 2012",,,,,0,21,0
AlmACoVEkaI,Hektrack #28 - Quorina,"Nov 29, 2013",,,,,0,4,0
AzqURW8J3F8,Spore #24 - Obrovač,"Dec 8, 2013",,,,,0,6,0
B3P6Qe2Cq60,Mount & Blade: Warband - Blood in The West,"Aug 6, 2014",,,,,0,13,0
BDIzUSTk6RQ,Space Engineers #29 - Velké dokončování,"Aug 25, 2015",,,,,0,28,0
BE1g5ImIT_E,Space Engineers #66 - Recyklace základny,"Jun 24, 2016",,,,,0,31,0
BEtaZJRk_Hk,Hektrack Muninn #5 - Dokončování farmy,"Sep 26, 2015",,,,,0,10,0
BOKhvUSPnHw,Sky Block - tekkit #18 (velké přestavby),"Jan 13, 2013",,,,,0,10,0
BWDcy2YYFGU,Ukázka nového mikrofonu,"Oct 13, 2015",,,,,0,12,0
Baql55lUpkQ,Sonic the Hedgehog v1.0,"Mar 22, 2013",,,,,0,3,0
BfAInNVLx00,Battlefield 3 - Šílený závod (w/ GGmaniack),"Jun 10, 2014",,,,,0,6,0
BulbLUVNKhI,Random hraní - Gang beasts,"Mar 29, 2014",,,,,0,6,0
CDLtq7h8a3c,Mageros #12 - Domácí práce,"Feb 9, 2014",,,,,0,10,0
CF99izixNc0,Space Engineers #24 - Létající kráva,"Jul 26, 2015",,,,,0,63,0
CIwEmF2vmog,No Man's Sky #5 - Nová loď!,"Jan 4, 2017",,,,,0,32,0
ChruX9gtMmY,Hardcore #6 (dolujeme),"Mar 3, 2013",,,,,0,4,0
DAy3_BcJ6RE,Mageros #7 - S hektorem jsme megalomani!,"Jan 22, 2014",,,,,0,5,0
DIj96LjKfOM,Spore #26 - Průzkum galaxie,"Dec 21, 2013",,,,,0,7,0
DNUSVTgvf7s,Mount & Blade: Warband #9 - Yenkij prohrál hromadu bitev,"Mar 8, 2014",,,,,0,6,0
DcMyPXWxv8k,Kairo #3 - Velký pokrok,"Jul 29, 2014",,,,,0,6,0
Df-ge8snvHw,Spore #5 - Kmeny třeste se,"Aug 27, 2013",,,,,0,8,0
EAeN8lVBBOw,Minigames: Red & Blue Speed Race,"Dec 19, 2012",,,,,0,4,0
ECoB44Jce20,Sky Block - tekkit #25 (Víc....všeho Víc!),"Jan 28, 2013",,,,,0,9,0
ELEYFydWDsg,Bioshock Infinite #17 - Tati?,"Oct 8, 2013",,,,,0,4,0
ELeuTgIjgCQ,The Dropper 2 - #2,"Jul 9, 2013",,,,,0,5,0
EPe5WGWowf4,"Jen malý krůček pro Let's Playera, ale velký skok pro jeho jméno.","Jan 19, 2013",,,,,0,15,0
EaBZ-ZbH3lI,Mount & Blade: Warband #25 - Piráti umí znepříjemnit život!,"May 14, 2014",,,,,0,15,0
EkGawlUHd68,Mount & Blade: Warband #4 - Plais má právo sedět :(,"Feb 18, 2014",,,,,0,15,0
EtSajFFzCUs,Papercraft - Kogy (#9),"Feb 21, 2013",,,,,0,7,0
F1GUrqUjpZ8,Spore #16 - Rozkvět impéria,"Oct 23, 2013",,,,,0,12,0
FGSBqqHhyGw,Sky Block - tekkit #28 (Velké sny se staly skutečností),"Feb 5, 2013",,,,,0,16,0
FHf_NOfIgJE,Papercraft - Gorrden (#7),"Feb 16, 2013",,,,,0,14,0
FM6j6vVkkoc,Návody #3 - Cave spider spawner,"Dec 4, 2012",,,,,0,7,0
FlBwgOlHtfQ,Hektrack Muninn #1 - Hledání útočiště,"Sep 17, 2015",,,,,0,13,0
Fp48xh9Hkgg,Sky Block - tekkit #6 (začínáme s tekkitem),"Dec 27, 2012",,,,,0,15,0
FsHISV8gtdw,Kingdom Come: Deliverance #1 - seznámení se hrou,"Mar 7, 2016",,,,,0,13,0
G4nIzxM2hbU,FTB s Hektorem #17 - Nové začátky,"Sep 9, 2013",,,,,0,3,0
G8QDtHA6lWs,Battlefield 3 - Funny moments #1,"May 1, 2014",,,,,0,5,0
GC12mwDlI-s,The Dropper - #1,"Jul 5, 2013",,,,,0,4,0
GSouy3gipB8,Mount & Blade: Warband #33 - Mobil zlobí,"Jun 27, 2014",,,,,0,10,0
GVSULAiUzm8,Battlefield 3 - EPIC #1,"Sep 12, 2014",,,,,0,7,0
GW0JnTUpiy0,Mount & Blade: Warband #16 - Bráníme Narru,"Mar 31, 2014",,,,,0,4,0
Gc6clvp-S9Y,Zážitky a záběry z craftconu,"May 17, 2013",,,,,0,7,0
Gs6PZc7la_A,Hektrack #31 - Příprava na receptář,"Dec 11, 2013",,,,,0,5,0
GyrvbnfhKBo,Hektrack #15 - Oni přichází!,"Nov 2, 2013",,,,,0,7,0
H1cbGBKSl3Q,Hektrack Muninn #20 - Přebarelováno,"Mar 2, 2016",,,,,0,12,0
H9QYtOdECpc,Mount & Blade: Warband #5 - Boj v mlze,"Feb 20, 2014",,,,,0,10,0
HDsXDFeWGE4,Mount & Blade: Warband #31 - Nejde nahrát náhledovka :(,"Jun 21, 2014",,,,,0,12,0
HKVqYxuZMzA,Applied Energistics2 #5 - Nether,"Nov 18, 2014",,,,,0,10,0
HMcU9j1jOuc,Bioshock Infinite #3 - Vrány se vzteklinou,"Aug 1, 2013",,,,,0,7,0
HTYCaXrV8bk,Applied Energistics2 #10 - Stěhování kraviček,"Dec 14, 2014",,,,,0,11,0
HX3rcSSiIeU,Space Engineers #65 - Velký upgrade základny,"May 9, 2016",,,,,0,27,0
HtJtgm3-8yg,Hardcore #13 (Diamanty!),"Apr 15, 2013",,,,,0,5,0
I4cb57h_mIs,FTB s Hektorem #6 - Nebezpečná dimenze!,"May 31, 2013",,,,,0,6,0
ICUJb7ZfIco,Mageros #18 - Já nemám Aimbot!,"Mar 5, 2014",,,,,0,11,0
IE3Q6Xso07o,Mageros #11 - Skopávací díl,"Feb 6, 2014",,,,,0,4,0
ISfSnaij6jw,Battlefield 4 - Just LP #1,"Nov 27, 2014",,,,,0,9,0
IZmG8QRV6t8,ARK Survival Evolved Stream #2,"Mar 12, 2016",,,,,0,14,0
IaXD03axXc4,Space Engineers #22 - Hodně elektřiny,"Jul 6, 2015",,,,,0,29,0
IiksHcr7wc4,Hektrack Muninn #4 - Designování,"Sep 21, 2015",,,,,0,13,0
J2Xqjdr_LHs,První pohled na hru Landmark (Closed Beta),"Oct 21, 2014",,,,,0,10,0
J2hYDh5VY0Q,FTB s Hektorem #9 - Drak skonal!,"Jun 21, 2013",,,,,0,6,0
J4LYuZ7FpfM,CLUSTER TRUCK - ALPHA #2,"Feb 12, 2016",,,,,0,14,0
JSMaNOosEbU,Space Engineers #62 - Pomalu sváříme,"Apr 19, 2016",,,,,0,25,0
JUnH56i42co,MY Let's Play #6 - Hlubinný vrt,"Nov 9, 2012",,,,,0,41,0
JXsgv3ZfI2s,No Man's Sky #4 - Palivová krize,"Dec 30, 2016",,,,,0,27,0
JXtlmjFSB0I,Space Engineers-Race (w/Marrkarr),"Aug 8, 2014",,,,,0,7,0
JiY7XSlN7Fg,Papercraft - Joker (#2),"Feb 12, 2013",,,,,0,41,0
Jovh_DnG62I,První pohled na hru Super Hexagon,"Jan 6, 2014",,,,,0,3,0
JvA2dSEjz74,1 000 odběratel!,"May 7, 2013",,,,,0,5,0
K61tJL01TeY,Papercraft - Artix (#15),"Mar 10, 2013",,,,,0,6,0
K65Q_c-1TuQ,Hektrack Muninn #17 - Stroje!,"Feb 15, 2016",,,,,0,11,0
KImDREsI67s,"MY Let's Play #9 - Diamonds, diamonds everywhere!","Nov 21, 2012",,,,,0,7,0
KMSts3Uz8os,No Man's Sky #3 - Další hvězdný systém,"Dec 26, 2016",,,,,0,27,0
KR1eGhTTIGU,"Sky Block - tekkit #26 (Craftcon, mass fabricator a recicler)","Feb 3, 2013",,,,,0,10,0
KTPDbiCY_88,Battlefield 3 - Co-op #2 - Oheň z nebes (w/ GGmaniack),"May 18, 2014",,,,,0,8,0
KXD0cf4hdDY,Bioshock Infinite #18 - Nic není jak se zdá,"Oct 11, 2013",,,,,0,5,0
KkmBvK0MMoE,100! Moc díky :),"Feb 13, 2013",,,,,0,3,0
Kpwi6yloEcQ,Valiant Hearts #11 End - Všechno jednou končí,"Nov 5, 2015",,,,,0,12,0
KvVuxKdyTlE,Hardcore #10 (Žádné dia),"Mar 24, 2013",,,,,0,3,0
L-fJU9bY03Q,FTB s Hektorem #5 - Netherová odysea,"May 29, 2013",,,,,0,4,0
L-o8dSckQoo,Návody #10 - Cestování,"Mar 17, 2013",,,,,0,5,0
LAEswUbFWdM,Alerak #2 - Krásné krávy,"Oct 5, 2014",,,,,0,11,0
LCiIvmnqXOI,Mageros #4 - Slepičín - Fail :D,"Jan 18, 2014",,,,,0,3,0
LDZOxYoOVt0,Dark Souls #4 - Takhle to dál nejde,"Sep 11, 2014",,,,,0,7,0
LRjGTM7dMrw,První pohled na hru Receiver,"Sep 20, 2014",,,,,0,7,0
Lmg4lJb4MmA,Hektrack Muninn #12 - Bombový krávy,"Nov 24, 2015",,,,,0,12,0
LnSrtzu0jKE,MY Let's Play #4 - Návštěva,"Oct 12, 2012",,,,,0,11,0
M-vCmFh50O0,Mageros #22 - such coco!,"Apr 12, 2014",,,,,0,6,0
M8VNDXyP87M,Hektrack Skyblock 6# - Dobývání písečného ostrova,"Sep 26, 2014",,,,,0,9,0
MExVw7MHupc,Hektrack Muninn #16 - Stavba schodiště,"Feb 11, 2016",,,,,0,38,0
MK-qUkifZ-o,Prokletý quad,"May 29, 2018",,,,,0,51,0
MKni83iZnD4,Survival Games s Kucamc,"May 7, 2013",,,,,0,7,0
ML7eFkwwQzQ,Yenkij na petříne - Battle of the nations,"May 8, 2016",,,,,0,20,0
MLs9UaFPrU8,"Mount & Blade: Warband #7 - ""Vykopávání"" Hrdinů","Feb 28, 2014",,,,,0,12,0
MuZUkaQdwZA,Hardcore #14 (Dubstep block),"Apr 17, 2013",,,,,0,6,0
NUtuLdUT8CQ,FTB s Hektorem #13 - Hradby,"Jul 23, 2013",,,,,0,4,0
NZqfMn9JJGY,Valiant Hearts #9 - Baron přišel o zub,"Oct 26, 2015",,,,,0,21,0
Niv7b_6qXfw,Papercraft - Nosík (#10),"Feb 23, 2013",,,,,0,10,0
OBspDn8WMGw,Banished stream #5,"Nov 8, 2015",,,,,0,13,0
OFuVrT1eQ-4,Rychlovka (#7) na hru Battlefield3,"Jul 19, 2014",,,,,0,7,0
OJn2xCiDGDA,Bioshock Infinite #5 - Proč klepat? Jen se tak propadnu stropem,"Aug 6, 2013",,,,,0,6,0
OVrgkycOxrU,Battlefield 3 - Co-op #6 - Za pět minut dvanáct (w/ GGmaniack),"Jun 2, 2014",,,,,0,9,0
O_ac56xwaag,Sky Block - tekkit #12 (MOB trapka - B),"Jan 2, 2013",,,,,0,11,0
ObRjdUQxdHY,Space Engineers #69 - Nové skladiště,"Jul 13, 2016",,,,,0,19,0
OfcQS3Zuy_s,Space Engineers #50 - Svářečky hotové + save,"Feb 16, 2016",,,,,0,43,0
Og8d7AjWjv0,speciál za 500,"Feb 23, 2013",,,,,0,4,0
P38Q254FvD8,Rychlovka (#8) na total war arena,"Jul 20, 2015",,,,,0,10,0
PAxUopE04Bg,Kingdom Come Deliverance Alfa se blíží!,"Oct 19, 2014",,,,,0,7,0
PGb8WvOAgsE,Hektrack Muninn #14 - Kácíme z pohodlí svého domova,"Jan 2, 2016",,,,,0,13,0
PJ79mldG95k,Space Engineers #59 - Zase došlo železo,"Apr 3, 2016",,,,,0,27,0
PXLf4yRPmTg,No Man's Sky #6 - Prokletý hvězdný systém,"Jan 21, 2017",,,,,0,29,0
Pva5PBfQWPk,Mageros #16 - Rozhovor s Admin Teamem,"Feb 23, 2014",,,,,0,8,0
Q06bJDrqcdo,Mount & Blade: Warband #6 - Bandité Bojte se!,"Feb 24, 2014",,,,,0,10,0
QEVJSQiwxbY,Magicka Ep.2 - Magie pro mírně pokročilé | w/ Anttis!,"Mar 9, 2017",,,,,0,37,0
QJkg9EJnCZQ,Hektrack #0 - Trailer,"Aug 3, 2014",,,,,0,6,0
QONsf-7hiyE,Mount & Blade: Warband #19 - Ztracený díl :'(,"Apr 14, 2014",,,,,0,5,0
QR4vuFB7Osc,První pohled na hru Teleglitch: Die More Edition,"Sep 13, 2015",,,,,0,13,0
QUuOrQu8kQs,Sky Block - tekkit #30 (red + dark matter armor),"Feb 14, 2013",,,,,0,22,0
QctJmjVm8Iw,Druhý pohled na hru Batman arkham origins,"Nov 5, 2013",,,,,0,4,0
Qn_ngUkGNDQ,FTB s Hektorem #14 - UU matter + coblegen,"Jul 25, 2013",,,,,0,3,0
R-4Y971lKt0,Boxicated #3 - Návštěva,"Mar 31, 2013",,,,,0,5,0
RBszDRwbVWg,Hektrack #24 - Lov krav,"Nov 22, 2013",,,,,0,4,0
RLayjSptDs4,Hektrack #20 - Borůvky,"Nov 11, 2013",,,,,0,3,0
RLjo_TAgGnY,Storyline [0],"Jun 12, 2014",,,,,0,6,0
RUM978xZIcs,Spore stream #2,"Feb 4, 2016",,,,,0,16,0
S7EZc7MjqVY,Druhý pohled na hru Receiver,"Sep 23, 2014",,,,,0,11,0
SLI1IptIpfE,Kairo #1 - Tajemná šlapátka,"Jul 13, 2014",,,,,0,9,0
SNi_nOfikls,Sky Block - tekkit #8 (Jet pack),"Dec 30, 2012",,,,,0,10,0
SXJLCMEx0oA,Spore #25 - Shadow play!,"Dec 14, 2013",,,,,0,7,0
SXsDYvZuRrk,Mount & Blade: Warband #20 - Yenkij si hledá ženu :3,"Apr 22, 2014",,,,,0,23,0
SdKIAutOxU8,Metro last light redux - Pilot do streamovací serie + soutěž,"Apr 18, 2016",,,,,0,16,0
SgQO_tHjrec,Hektrack Muninn #10 - Blast furnace,"Nov 1, 2015",,,,,0,12,0
Shs9gL3VS1A,Druhý pohled na hru Landmark (Closed Beta),"Oct 29, 2014",,,,,0,10,0
TR5ZshYJ0Wo,Super secret settings!,"Sep 25, 2013",,,,,0,4,0
TUAPLD2XBdk,Čtvrtý pohled na hru Antichamber,"Dec 29, 2013",,,,,0,6,0
TWEWpUs8Vlw,Hektrack #21 - Velké dolování,"Nov 11, 2013",,,,,0,3,0
TWQ4o3WLWfs,Blížící se bouře! - Frostpunk - #8,"Jan 1, 1970",,,,,0,9,0
TajHawYBB_8,Boson X - Yenkij kliďas!,"Oct 22, 2013",,,,,0,7,0
TlGmxbMbcIY,Papercraft - Roupiik (#16),"Mar 19, 2013",,,,,0,13,0
ToidcDKgNZY,CLUSTER TRUCK - ALPHA,"Feb 8, 2016",,,,,0,14,0
Tp-R_57Yn3Q,Space Engineers #70 - Detailováníčko + Save,"Jul 17, 2016",,,,,0,34,0
TrEAL7dMZTw,Hektrack Muninn #13 - Farma na dřevo,"Dec 11, 2015",,,,,0,19,0
U0u-LglAMvw,Bioshock Infinite #14 - Kamarádi ze záhrobí,"Sep 27, 2013",,,,,0,6,0
UApe-T-v3P8,Hektrack #25 - Meteor shield,"Nov 23, 2013",,,,,0,4,0
UE5VzYDNEiU,Space Engineers #54 - Kopáníčko v novém kabátku,"Mar 8, 2016",,,,,0,21,0
UF-cQbiDdfA,Rychlovka (#3) na hru Loadout,"Feb 10, 2014",,,,,0,10,0
UHokG4H5-M0,Papercraft - McCitron (#12),"Feb 25, 2013",,,,,0,8,0
UPEgVle1C8g,Druhý pohled na Kingdom Come: Deliverance (Pre-alpha 0.1),"Oct 30, 2014",,,,,0,7,0
US61QOL3IMk,Alerak #6 - Yenkij je rudej jak rak :D,"Oct 15, 2014",,,,,0,9,0
UkcorR822vc,Space Engineers #23 - Uskromňování hangáru,"Jul 23, 2015",,,,,0,29,0
UqV4TFvlAOg,Minigames: Arrow Evader,"Jan 19, 2013",,,,,0,3,0
VLribJp_ev8,Bioshock Infinite #7 - Návštěva muzea,"Aug 26, 2013",,,,,0,3,0
VaV9faHRdJ4,Spore #17 - Šíření měst,"Oct 31, 2013",,,,,0,9,0
VgoUtRhLQ1s,Spore #22 - Jak rychle na vesmírný pohon 5?,"Nov 25, 2013",,,,,0,12,0
VuMYyozjhFY,Hektrack #33 - Vánoční/Silvestrovský speciál (podělal jsem co jsem mohl),"Jan 4, 2014",,,,,0,4,0
W2suaf-EMUg,Space Engineers #42 - Nové začátky,"Nov 28, 2015",,,,,0,29,0
W3a3LMMWevo,NewCom - Yenkij,"Jun 28, 2013",,,,,0,5,0
W4c1w1CGtOA,Papercraft - Ježíšek (#5),"Feb 15, 2013",,,,,0,13,0
WBg0n9Azs64,Hektrack Muninn #6 - Jak vycvičit draka,"Sep 29, 2015",,,,,0,105,0
WM-PEbTRrgk,The Way of Life,"Aug 30, 2015",,,,,0,12,0
WaAIee3D74E,Mount & Blade: Warband #13 -Narra je naše!,"Mar 18, 2014",,,,,0,6,0
WensK_avNN0,Shadowplay - Random shit,"Dec 18, 2013",,,,,0,3,0
WflHpjAhbqI,Mageros #10 - Budování nových stájí,"Feb 3, 2014",,,,,0,4,0
Wqaxnrir5Oo,FTB s Hektorem #18 - Portal mod,"Sep 12, 2013",,,,,0,5,0
WrZXJa4qq5g,Hektrack Muninn #18 - Domeček,"Feb 18, 2016",,,,,0,14,0
Wti-G7vjOGs,Sky Block - tekkit #29 (MFSU + 2 farmy),"Feb 11, 2013",,,,,0,21,0
Wx6989F0sdk,Kingdom Come: Deliverance #4 - Máme Hynka!,"Mar 21, 2016",,,,,0,14,0
X09nbeZ04RA,Applied Energistics2 #9 - Kravín (Skoro),"Dec 12, 2014",,,,,0,16,0
X1SVYCwL_-o,Minecraft - Gravitace,"Dec 21, 2013",,,,,0,13,0
XEaI_Nmb3fw,Ukázka z FTB s hektorem #8,"Jun 15, 2013",,,,,0,5,0
XFpU3M1LoMo,FTB s Hektorem #11 - Gumová farma a ME,"Jul 13, 2013",,,,,0,3,0
XTdQsmvzjo4,Battlefield 3 - Co-op #3 - Vyzvednutí (w/ GGmaniack),"May 19, 2014",,,,,0,6,0
X_O2M8a9NpE,Oprava mého quadu,"May 19, 2018",,,,,0,68,0
Xa5PPddre9g,1 Rok na YouTube (31.9.2013),"Oct 1, 2013",,,,,0,4,0
XdfBz3ew9fE,Storyline [1],"Jun 16, 2014",,,,,0,10,0
Xho-XGXo7NA,Space Engineers #49 - Konstrukce svářečky,"Feb 10, 2016",,,,,0,36,0
XjwNA7xssdc,Hardcore #15 (Černo Černá tma),"Apr 23, 2013",,,,,0,26,0
XkpRf9emwjc,Valiant Hearts #10 - St. Mihiel na dosah ruky,"Nov 3, 2015",,,,,0,19,0
XyHYb4W6ppk,"Dark Souls #2 - Velká, ale fakt velká vrána","Sep 8, 2014",,,,,0,7,0
YATnptjb24U,Mount & Blade: Warband #26 - Oni mi nedají chvilku klidu,"May 15, 2014",,,,,0,14,0
YLaay7xf7Zw,ARK Survival Evolved Stream #3,"Mar 16, 2016",,,,,0,13,0
Z1ezaiw4Tik,Sky Block - tekkit #27 (Velké sny),"Feb 4, 2013",,,,,0,7,0
Z5V2P_2ZGiU,Hektrack #13 - Přípravy na farmu na jídlo,"Oct 27, 2013",,,,,0,3,0
Z5hLh7KpdOI,Spore #23 - Střed galaxie - 42?,"Dec 3, 2013",,,,,0,20,0
ZExC7V-7ev8,FTB s Hektorem #19 - Super enchanting,"Sep 18, 2013",,,,,0,5,0
ZPRtIyG0nIo,Space Engineers #68 - Konec velké kapitoly,"Jul 8, 2016",,,,,0,27,0
ZZ2DyYj0u1M,Alerak #1 - Obrovské louky,"Oct 3, 2014",,,,,0,11,0
Zaagqa4ZQrM,Space Engineers #72 - hydrogen a oxygen věci,"Sep 18, 2016",,,,,0,28,0
ZfnbHbLmiEc,Hektrack Skyblock 2# - Velké stěhování... Na třikrát.,"Sep 16, 2014",,,,,0,8,0
Zh5FIUcRuTk,Hardcore #9 (Speciální celebrita),"Mar 12, 2013",,,,,0,4,0
Zi5a-Nw51Xk,Hektrack #27 - Z háje do ráje,"Nov 24, 2013",,,,,0,2,0
_2rt2CClw4U,Minecraft (hlášky),"Jan 12, 2013",,,,,0,8,0
_5aSDSyF9B4,Hektrack Skyblock 4# - Hodně stone bricků!,"Sep 18, 2014",,,,,0,6,0
_7nWGiGgpsw,FTB s Hektorem - Elektrický díl,"Aug 28, 2013",,,,,0,3,0
_CGngqd-nD0,Hektrack Muninn #3 - Výprava do pouště,"Sep 19, 2015",,,,,0,10,0
_X4YRhwNM2I,Návody #8 - Papercraft,"Mar 16, 2013",,,,,0,30,0
_kMciFoVH64,Hektrack Muninn #19 - Krásný sklad,"Feb 24, 2016",,,,,0,13,0
a1QwgBiKQmQ,Battlefield 3 - Co-op #1 - Operace Exodus (w/ GGmaniack),"May 17, 2014",,,,,0,6,0
a2-NlEGE-Bg,Mageros #3 - Máme koně ^_^,"Jan 15, 2014",,,,,0,5,0
a8EhlqSsEMk,Rychlovka (#4) na hru Magicka Wizard Wars,"Feb 16, 2014",,,,,0,4,0
aFiSjn2-Y3s,Applied Energistics2 #6 - Farmaříme,"Nov 25, 2014",,,,,0,15,0
aQsrg2qHybk,Yenkij talk #3 - Bitva pěti armád,"Jun 2, 2016",,,,,0,16,0
aoCZYycI8tk,Hektrack #18 - Neutuchající alarm,"Nov 6, 2013",,,,,0,4,0
aoTEv7s62Po,Sky Block - tekkit #17 (konečně mobtrapka),"Jan 12, 2013",,,,,0,9,0
axoVhlWT5q4,MY Let's Play #5 - Stromy kam se podíváš,"Oct 27, 2012",,,,,0,8,0
b-2xGAF8CXI,Mageros #14 - Rozšiřování farem,"Feb 13, 2014",,,,,0,4,0
bAhNtlneRF0,Alien Isolatin #1 - Překvápko,"Sep 17, 2017",,,,,0,40,0
bD4exXntNbM,Hektrack #5 - Diamanty,"Oct 15, 2013",,,,,0,3,0
bHZ6QGdNRYY,The Dropper 2 - #1,"Jul 7, 2013",,,,,0,3,0
bJrYAqH6k14,Spore #9 - Vlčí loď,"Sep 10, 2013",,,,,0,8,0
bLLQ6ce9_9o,Confused Yenkij,"Jan 21, 2016",,,,,0,18,0
bMc-30fFglU,S.T.A.L.K.E.R.: Clear Sky #3 - Yenkij to lamí,"Nov 5, 2014",,,,,0,7,0
baEby0Jd0yc,Papercraft - Pedro (#4),"Feb 14, 2013",,,,,0,19,0
biFH6rgAtYo,MY Let's Play #3 - Stromová farma,"Oct 5, 2012",,,,,0,13,0
bp8-ZocAFwQ,LEGO Hobbit s Helčou #3 - Bitva o Morii,"Mar 9, 2016",,,,,0,39,0
bypGW39EYlE,Boxicated #2 - Umíráme v podzemí,"Mar 10, 2013",,,,,0,6,0
c33PkGbjSOM,MY Craft Race #3 (Yenkij troll),"Feb 1, 2013",,,,,0,9,0
c9o5PoNaTlk,Space Engineers #60 - Konstrukční součástky + save,"Apr 8, 2016",,,,,0,25,0
cGoKevIBJXA,Mount & Blade: Warband #14 -Narra už neni naše!,"Mar 21, 2014",,,,,0,15,0
cHhhtS_0QnY,Staircase Horror Map,"Sep 2, 2013",,,,,0,5,0
cJaW_KGBUyU,Space Engineers #67 - Rafky za námi,"Jun 29, 2016",,,,,0,26,0
cNRdQ6J7BXo,Sky Block - tekkit #4 (Melouny a dýně),"Dec 25, 2012",,,,,0,40,0
calKbcL2J28,Mageros #1 - Ukázka PVP Frakčního serveru,"Jan 12, 2014",,,,,0,7,0
ccmKcAWdnMs,Yenkij talk #5 - Prázdniny v plném proudu!,"Jul 24, 2016",,,,,0,23,0
d429iyqz3U4,Cinema 1st try,"Feb 12, 2014",,,,,0,4,0
dC2NGhXkKZ4,Boxicated #4 - Failujeme co se dá,"Apr 13, 2013",,,,,0,4,0
dCbe8zvyeF0,Mageros #17 - Ukazovací díl,"Mar 2, 2014",,,,,0,4,0
dFCPhwFZSf0,Minigames: Call of duty,"Feb 15, 2013",,,,,0,4,0
dckK4c7s9rw,Bioshock Infinite #13 - Záplavy kufrů,"Sep 23, 2013",,,,,0,4,0
di74U8T7cZU,Hektrack #6 - Schodiště,"Oct 18, 2013",,,,,0,3,0
dxUWI2M4meo,MY Let's Play #12 - Blaze powder a střecha,"Dec 10, 2012",,,,,0,6,0
dzxV_VOkii4,Bioshock Infinite #1 - Jsem čistý,"Jul 27, 2013",,,,,0,4,0
e0MmQ1x5A2U,Sky Block - tekkit #15 (Energy Condenser),"Jan 11, 2013",,,,,0,17,0
Show­ing top 500 res­ults
